{"eval/auroc":0.9763290995293599,"train_runtime":2825.1513,"train/global_step":3250,"train_loss":0.1778729356619028,"total_flos":3.8768346203684864e+17,"eval/samples_per_second":512.302,"train/learning_rate":2e-05,"_wandb":{"runtime":2824},"train/epoch":2.498078401229823,"eval/runtime":36.1056,"train_samples_per_second":294.62,"train_steps_per_second":2.303,"_step":78,"train/loss":0.102,"train/grad_norm":1.4321157932281494,"eval/loss":0.19383078813552856,"eval/steps_per_second":4.016,"_timestamp":1.752488249358645e+09,"_runtime":2824}